user,action,message,timestamp
user1,post,This is a post by user2,2025-11-18T23:27:12.798127
user3,like,This is a like by user3,2025-11-18T23:27:13.798331
user3,comment,This is a post by user1,2025-11-18T23:27:14.798664
user1,comment,This is a comment by user1,2025-11-18T23:27:15.798969
user1,post,This is a post by user3,2025-11-18T23:27:16.799571
user1,comment,This is a post by user1,2025-11-18T23:27:17.799796
user1,comment,This is a post by user3,2025-11-18T23:27:18.800355
user1,post,This is a post by user2,2025-11-18T23:27:19.801110
user1,post,This is a post by user1,2025-11-18T23:27:20.801406
user2,like,This is a comment by user3,2025-11-18T23:27:21.801666
user1,post,This is a like by user1,2025-11-18T23:27:22.802356
user2,like,This is a comment by user3,2025-11-18T23:27:23.803169
user1,like,This is a comment by user3,2025-11-18T23:27:24.803591
user1,comment,This is a comment by user1,2025-11-18T23:27:25.803960
user3,like,This is a like by user2,2025-11-18T23:27:26.804511
user1,post,This is a post by user3,2025-11-18T23:27:27.805076
user2,post,This is a like by user2,2025-11-18T23:27:28.805650
user1,comment,This is a comment by user1,2025-11-18T23:27:29.806153
user2,post,This is a comment by user1,2025-11-18T23:27:30.806513
user2,like,This is a post by user2,2025-11-18T23:27:31.807134
user1,like,This is a post by user1,2025-11-18T23:27:32.807538
user2,comment,This is a post by user3,2025-11-18T23:27:33.808213
user2,post,This is a like by user2,2025-11-18T23:27:34.808732
user2,post,This is a post by user1,2025-11-18T23:27:35.809244
user1,like,This is a post by user1,2025-11-18T23:27:36.809502
user3,like,This is a post by user3,2025-11-18T23:27:37.809798
user3,like,This is a like by user3,2025-11-18T23:27:38.810513
user2,post,This is a comment by user3,2025-11-18T23:27:39.811522
user2,comment,This is a post by user3,2025-11-18T23:27:40.811830
user1,post,This is a comment by user2,2025-11-18T23:27:41.812325
user3,comment,This is a post by user2,2025-11-18T23:27:42.812596
user2,post,This is a like by user2,2025-11-18T23:27:43.813381
user2,like,This is a post by user2,2025-11-18T23:27:44.813976
user1,comment,This is a post by user3,2025-11-18T23:27:45.814520
user1,post,This is a post by user2,2025-11-18T23:27:46.814852
user1,comment,This is a comment by user1,2025-11-18T23:27:47.815210
user1,like,This is a like by user2,2025-11-18T23:27:48.815671
user3,post,This is a post by user3,2025-11-18T23:27:49.816145
user1,comment,This is a like by user3,2025-11-18T23:27:50.816658
user3,post,This is a comment by user1,2025-11-18T23:27:51.817132
user1,comment,This is a like by user3,2025-11-18T23:27:52.817351
user3,comment,This is a like by user3,2025-11-18T23:27:53.817680
user3,comment,This is a post by user2,2025-11-18T23:27:54.820569
user2,post,This is a comment by user1,2025-11-18T23:27:55.821202
user3,like,This is a comment by user2,2025-11-18T23:27:56.821864
user3,post,This is a comment by user3,2025-11-18T23:27:57.822384
user3,like,This is a comment by user1,2025-11-18T23:27:58.822615
user1,like,This is a comment by user2,2025-11-18T23:27:59.823001
user2,comment,This is a comment by user2,2025-11-18T23:28:00.823530
user3,post,This is a post by user1,2025-11-18T23:28:01.823910
user1,like,This is a comment by user2,2025-11-18T23:28:02.824398
user3,post,This is a comment by user2,2025-11-18T23:28:03.825154
user1,like,This is a like by user2,2025-11-18T23:28:04.826827
user3,comment,This is a like by user1,2025-11-18T23:28:05.827253
user3,comment,This is a comment by user2,2025-11-18T23:28:06.827939
user1,post,This is a like by user2,2025-11-18T23:28:07.828359
user2,post,This is a comment by user1,2025-11-18T23:28:08.828920
user1,comment,This is a comment by user3,2025-11-18T23:28:09.829391
user1,post,This is a post by user1,2025-11-18T23:28:10.830160
user2,comment,This is a like by user1,2025-11-18T23:28:11.830549
